{"cameraMode":{"drawMode":0,"name":"Shaded","section":"Shading Mode"},"sceneLighting":false,"audioPlay":false,"sceneViewState":{"showFog":false,"showMaterialUpdate":false,"showSkybox":false,"showFlares":false,"showImageEffects":false,"showParticleSystems":true},"in2DMode":false,"pivot":{"x":-5.4125494956970219,"y":3.7731776237487795,"z":0.2171057015657425},"rotation":{"x":-0.15581540763378144,"y":0.7988216280937195,"z":-0.2340358942747116,"w":-0.5318343043327332},"size":3.3068697452545168,"orthographic":false}