{"cameraMode":{"drawMode":0,"name":"Shaded","section":"Shading Mode"},"sceneLighting":false,"audioPlay":false,"sceneViewState":{"showFog":false,"showMaterialUpdate":false,"showSkybox":false,"showFlares":false,"showImageEffects":false,"showParticleSystems":true},"in2DMode":false,"pivot":{"x":0.6272349953651428,"y":1.0470874309539796,"z":0.32988762855529787},"rotation":{"x":0.03337562456727028,"y":0.9663946628570557,"z":-0.19087375700473786,"w":0.16898906230926515},"size":3.4777722358703615,"orthographic":false}