{"cameraMode":{"drawMode":0,"name":"Shaded","section":"Shading Mode"},"sceneLighting":false,"audioPlay":false,"sceneViewState":{"showFog":false,"showMaterialUpdate":false,"showSkybox":false,"showFlares":false,"showImageEffects":false,"showParticleSystems":true},"in2DMode":false,"pivot":{"x":-9.722513198852539,"y":0.28549158573150637,"z":-0.667023777961731},"rotation":{"x":0.1160048320889473,"y":0.8839892148971558,"z":-0.3176825940608978,"w":0.32279711961746218},"size":0.3974696695804596,"orthographic":false}