{"cameraMode":{"drawMode":0,"name":"Shaded","section":"Shading Mode"},"sceneLighting":false,"audioPlay":false,"sceneViewState":{"showFog":false,"showMaterialUpdate":false,"showSkybox":false,"showFlares":false,"showImageEffects":false,"showParticleSystems":true},"in2DMode":false,"pivot":{"x":-18.69378089904785,"y":5.25399112701416,"z":-0.41312503814697268},"rotation":{"x":0.1160048320889473,"y":0.8839892148971558,"z":-0.3176825940608978,"w":0.32279711961746218},"size":20.385286331176759,"orthographic":false}