{"cameraMode":{"drawMode":0,"name":"Shaded","section":"Shading Mode"},"sceneLighting":false,"audioPlay":false,"sceneViewState":{"showFog":false,"showMaterialUpdate":false,"showSkybox":false,"showFlares":false,"showImageEffects":false,"showParticleSystems":true},"in2DMode":false,"pivot":{"x":0.0,"y":4.199999809265137,"z":-16.809999465942384},"rotation":{"x":0.06612769514322281,"y":-0.29602158069610598,"z":0.020547477528452874,"w":0.9526999592781067},"size":13.25744342803955,"orthographic":false}