{"cameraMode":{"drawMode":0,"name":"Shaded","section":"Shading Mode"},"sceneLighting":false,"audioPlay":false,"sceneViewState":{"showFog":false,"showMaterialUpdate":false,"showSkybox":false,"showFlares":false,"showImageEffects":false,"showParticleSystems":true},"in2DMode":false,"pivot":{"x":-14.474695205688477,"y":1.5344518423080445,"z":-0.1499999761581421},"rotation":{"x":0.1160048320889473,"y":0.8839892148971558,"z":-0.3176825940608978,"w":0.32279711961746218},"size":5.936062812805176,"orthographic":false}