{"cameraMode":{"drawMode":0,"name":"Shaded","section":"Shading Mode"},"sceneLighting":false,"audioPlay":false,"sceneViewState":{"showFog":false,"showMaterialUpdate":false,"showSkybox":false,"showFlares":false,"showImageEffects":false,"showParticleSystems":true},"in2DMode":false,"pivot":{"x":9.214774131774903,"y":0.7744754552841187,"z":-0.7274433970451355},"rotation":{"x":0.030894435942173005,"y":0.9689253568649292,"z":-0.16283519566059113,"w":0.1838735193014145},"size":3.0149424076080324,"orthographic":false}