{"cameraMode":{"drawMode":0,"name":"Shaded","section":"Shading Mode"},"sceneLighting":false,"audioPlay":false,"sceneViewState":{"showFog":false,"showMaterialUpdate":false,"showSkybox":false,"showFlares":false,"showImageEffects":false,"showParticleSystems":true},"in2DMode":false,"pivot":{"x":-6.319019794464111,"y":1.0704731941223145,"z":-1.130311131477356},"rotation":{"x":-0.10752701759338379,"y":0.8135865926742554,"z":-0.15942443907260896,"w":-0.5487387776374817},"size":3.4225850105285646,"orthographic":false}