{"cameraMode":{"drawMode":0,"name":"Shaded","section":"Shading Mode"},"sceneLighting":false,"audioPlay":false,"sceneViewState":{"showFog":false,"showMaterialUpdate":false,"showSkybox":false,"showFlares":false,"showImageEffects":false,"showParticleSystems":true},"in2DMode":false,"pivot":{"x":2.2121546268463136,"y":1.0481162071228028,"z":2.0199997425079347},"rotation":{"x":0.1160048320889473,"y":0.8839892148971558,"z":-0.3176825940608978,"w":0.32279711961746218},"size":6.252379417419434,"orthographic":false}