{"cameraMode":{"drawMode":0,"name":"Shaded","section":"Shading Mode"},"sceneLighting":false,"audioPlay":false,"sceneViewState":{"showFog":false,"showMaterialUpdate":false,"showSkybox":false,"showFlares":false,"showImageEffects":false,"showParticleSystems":true},"in2DMode":false,"pivot":{"x":-9.311429977416993,"y":0.2626192271709442,"z":-0.7294416427612305},"rotation":{"x":0.1160048320889473,"y":0.8839892148971558,"z":-0.3176825940608978,"w":0.32279711961746218},"size":0.3974696695804596,"orthographic":false}